axV,Pronúncia,REGRAS,ixV,Pronúncia,REGRAS,oxV,Pronúncia,REGRAS,uxV,Pronúncia,REGRAS
maxixe,sh,sh:,,,sh:,,,,,,
faxineira,sh,"axiC (C dif/ /l,s/)",prolixo,ks,VixV,paradoxo,,,esdrúxulo,,
xaxim,sh,axi#,abaixo,sh,ixV,coxo,,,luxúria,,
caxinguelê,sh,axeC,embaixo,sh,,ortodoxo,,,núxia,,
caxixe,sh,axe#,desleixo,sh,,heterodoxo,,,auxiliar,,
haxixe,sh,axeiC,fixo,ks,,muxoxo,,,rouxinol,,
faxinar,sh,axa,baixo,sh,,doxologia,,,fuxico,,
guaxinim,sh,,seixo,sh,,roxo,,,muxiba,,
caxingar,sh,,apaixonado,sh,,floxo,,,frouxidão,,
caxixi,sh,,eixo,sh,,xoxota,,,auxiliador,,
faxinal,sh,,quixotesco,sh,,inortodoxo,,,bauxita,,
abacaxizeiro,sh,,lixo,sh,,doxografia,,,fuxiqueiro,,
maxixeiro,sh,,sufixo,ks,,monóxido,,,fuxicar,,
caxiri,sh,,debaixo,sh,,toxoplasmose,,,cuxita,,
maxim,sh,,queixo,sh,,xoxo,,,bruxismo,,
caxinxa,sh,,apaixonar,sh,,pintarroxo,,,trouxinha,,
caxiense,sh,,cabisbaixo,sh,,filodoxo,,,trouxismo,,
caxixeiro,sh,,caixote,sh,,anfioxo,,,muxirão,,
caxinxe,sh,,prefixo,ks,,doxológico,,,tauxiar,,
caxeta,sh,,abaixo-assinado,sh,,coxote,,,macuxi,,
relaxe,sh,,encaixo,sh,,adoxografia,,,muxinga,,
caxemira,sh,,freixo,sh,,coxofemoral,,,bruxinha,,
graxeira,sh,,queixoso,sh,,doxográfico,,,auxina,,
macaxera,sh,,rixoso,,,loxodromia,,,tauxia,,
paxá,sh,,crucifixo,ks,,doxomania,,,tauxiado,,
caxias,sh,,mixoscopia,ks,,coxonilho,,,bisesdrúxulo,,
abacaxi,sh,,tixotropia,ks,,goxo,,,auxiliante,,
faxina,sh,,baixo-império,sh,,toxoplasma,,,muxibento,,
taxador,sh,,apaixonante,sh,,poxoxô,,,puxirão,,
faxineiro,sh,,mixotrófico,,,toxofilia,,,uruxi,,
relaxador,sh,,queixosa,sh,,roxo-terra,,,puxirum,,
sintáxico,s,,teixo,sh,,adoxo,,,tuxi,,
parataxe,s,,paixonite,sh,,coxodinia,,,fluxibilidade,,
hipotaxe,s,,desapaixonar,sh,,loxodromismo,,,uxi,,
máxima,s,ks:,infixo,ks,,toxodonte,,,uxirana,,
máximo,s,,encaixotar,sh,,toxofilo,,,muxicão,,
axioma,ks,axiV,desapaixonado,sh,,toxofobia,,,tucuxi,,
axiológico,ks,axVl,contrabaixo,sh,,papo-roxo,,,auxiliário,,
axila,ks,ax#,baixo-ventre,sh,,cacodoxo,,,epizêuxis,,
axiologia,ks,axis,mixo,sh,,toxoide,,,cuxiú,,
taxionomia,ks,,apaixonamento,sh,,rei-coxo,,,auxiliarmente,,
maximizar,ks,,encaixotado,sh,,marroxo,,,buxina,,
profilaxia,ks,,encaixotamento,sh,,pau-roxo,,,fuxiquento,,
axial,ks,,pixote,sh,,cadoxo,,,frouxidade,,
praxiologia,ks,,rebaixo,sh,,ortodoxografia,,,fuxicada,,
axiomático,ks,,caixola,sh,,aurirroxo,,,jacuruxi,,
ataraxia,ks,,afixo,ks,,moxos,,,biesdrúxulo,,
maxilar,ks,,quixotescamente,sh,,bastardo-roxo,,,fluxionar,,
laxismo,ks,,releixo,sh,,monóxilo,,,muxicar,,
anafilaxia,ks,,apaixonadamente,,,poxorense,,,meruxinga,,
axiônimo,ks,,baixo-astral,,,loxocosmo,,,atauxiar,,
ataxia,ks,,paixoneta,,,ortodoxográfico,,,puxiri,,
praxiológico,ks,,gueixo,sh,,loxodrômico,,,desauxiliar,,
taxista,ks,,lixoso,,,poxoreano,,,perluxidade,,
maxila,ks,,interfixo,,,pseudodoxo,,,muxicongos,,
taxidermia,ks,,quixotismo,,,congoxoso,,,macuxis,,
maximização,ks,,pixotada,,,digitoxose,,,fluxionário,,
táxi,ks,,baixos,,,tintorroxo,,,uxim,,
clímax,ks,,mixomatoso,,,toxoglossos,,,fuxicação,,
tórax,ks,,remeleixo,,,toxona,,,uxirana-da-várzea,,
relax,ks,,peixota,,,notoxo,,,couxilgo,,
fax,ks,,ixodídeo,,,toxofílico,,,zeuxita,,
,,,corixo,,,chinchoxo,,,pauxiana,,
maximalismo,,,caixota,sh,,capoxo,,,enduxiquirape,,
praxia,,,desencaixotar,,,anfidoxo,,,rouxinolear,,
cambaxirra,,,quixote,,,pintorroxo,,,rouxinol-de-almada,,
quiropraxia,,,baixote,sh,,gerotoxo,,,buxiqui,,
taxiar,,,mixoma,,,coxovertebral,,,amoreuxia,,
taxinomia,,,termofixo,,,cartaloxo,,,proluxidade,,
apraxia,,,seixoso,sh,,boal-roxo,,,auximônio,,
maximalista,,,amêixoa,,,toxofóbico,,,uxipuçu,,
coaxial,,,quixotada,,,guicoxo,,,muxiri,,
cronaxia,,,baixo-bretão,,,estomoxo,,,rouxinolar,,
uniaxial,,,mixolídio,,,toxoplasmósico,,,desauxiliado,,
autodidaxia,,,pixoxó,,,toxoneura,,,muxingueiro,,
biaxial,,,altibaixos,,,maxoxolo,,,muxixão,,
praxiterapia,,,encaixotador,,,loxoftalmia,,,rouxinol-de-muralha,,
taxi,,,mixossarcoma,,,toxotídeo,,,tatuxima,,
praxismo,,,caixoteiro,,,toxopeptona,,,puxiana,,
taxidermista,,,desapaixonadamente,,,toxolítico,,,muxirom,,
laxidão,,,peixote,,,toxocarpo,,,muxiboso,,
praxista,,,apaixonadiço,,,toxoalexina,,,rouxinol-de-espadana,,
tigmotaxia,,,prefixoide,,,próximo,,,muruxi,,
axilar,,,feixota,,,próxima,,,actinauxismo,,
taximetria,,,ixora,,,protóxido,,,pauxianas,,
taxia,,,carixo,,,trióxido,,,defluxionário,,
dispraxia,,,mixosporídeos,,,criptotóxico,,,muxiloxilo,,
ortopraxia,,,roixo,,,urotóxico,,,puxicaraim,,
quiropraxista,,,anixo,,,artróxese,,,pirauxi,,
paxiúba,,,caixotão,,,eritróxilo,,,auxiômetro,,
paraxial,,,altibaixo,,,arsenicóxido,,,pepuxi,,
harpaxismo,,,caixotaria,,,paradoxal,,,nefráuxico,,
quimiotaxia,,,caixotim,,,poxa,,,auxitano,,
afilaxia,,,paixoeiro,,,paradoxalmente,,,japuruxita,,
distaxia,,,froixo,,,oxalá,,,hepatauxia,,
maximamente,,,corrixo,,,coxa,,,puxinanãense,,
taxidermizado,,,cadeixo,,,almoxarifado,,,pauxinara,,
relaxismo,,,mixomatose,,,broxa,,,nefrauxia,,
taraxia,,,cambixo,,,doxa,,,parabuxina,,
filaxia,,,queixosamente,,,sobrecoxa,,,fotauxismo,,
taxinômico,,,antefixo,,,arroxar,,,uxicuruá,,
axi,,,mixolipoma,,,roxa,,,heterauxina,,
hemiataxia,,,quixotice,,,noxa,,,enterauxia,,
maxi,,,ixodo,,,almoxarife,,,mastáuxico,,
fototaxia,,,mixobactéria,,,arroxado,,,tricáuxico,,
jamaxi,,,seixoeira,,,moxa,,,fluxo,,
miopraxia,,,desencaixotamento,,,ortodoxamente,,,influxo,,
caxirenguengue,,,amixocaro,,,oxalato,,,frouxo,,
agalaxia,,,mixorofada,,,paradoxalidade,,,muxoxo,,
abaxial,,,ameixoeira,,,afloxar,,,buxo,,
axiforme,,,mixofibroma,,,paradoxar,,,afluxo,,
epitaxia,,,berberixo,,,xeroxar,,,luxo,,
taquifilaxia,,,ixotimia,,,cardiotóxico,,,refluxo,,
nosotaxia,,,manaixo,,,muxoxar,,,puxo,,
metaxilema,,,hipomixolídio,,,coxalgia,,,repuxo,,
maxixar,,,toqueixo,,,noxal,,,fluxograma,,
caxinga,,,neureixo,,,moxar,,,uxoricídio,,
cataxia,,,contrafixo,,,fucoxantina,,,contrafluxo,,
termotaxia,,,esterloixo,,,oxaluria,,,bruxo,,
taxiológico,,,mixomicetes,,,adoxa,,,empuxo,,
caxibo,,,cornibaixo,,,croxa,,,cartuxo,,
caxingó,,,altabaixo,,,oxalatado,,,debuxo,,
adaxial,,,desneixo,,,coxal,,,efluxo,,
saxina,,,mixorofar,,,moxama,,,defluxo,,
faxinalense,,,soqueixo,,,antoxantina,,,uxoricida,,
taquilaxia,,,basifixo,,,toxalbumina,,,suxo,,
reotaxia,,,dorsifixo,,,ficoxantina,,,uxorilocalidade,,
hipopraxia,,,maquixos,,,aloxantina,,,uxorilocal,,
maraximbé,,,ixode,,,hipoxantina,,,xuxo,,
baxim,,,acaixotar,,,enroxar,,,chuxo,,
guaxima,,,mixorafada,,,aloxana,,,uxoriano,,
taxidérmico,,,torixorino,,,congoxa,,,luxoso,,
abacaxibirra,,,peixol,,,ultraparadoxal,,,auxotônico,,
zootaxia,,,touqueixo,,,almoxatre,,,perluxo,,
maxita,,,mogueixo,,,coxa-de-freira,,,muxoxar,,
aerotaxia,,,desencaixotado,,,mesocoxa,,,auxotrófico,,
galvanotaxia,,,magueixo,,,galactotóxico,,,proluxo,,
supra-axilar,,,freixonita,,,coxa-de-dama,,,auxocromo,,
subaxilar,,,ameixoal,,,melanoxanto,,,auxotrofia,,
micaxisto,,,limpa-queixos,,,amoxamar,,,sobresdrúxulo,,
camaxilra,,,trafoixo,,,bioxalato,,,auxo,,
epitaxial,,,pixororém,,,engoxa,,,perfluxo,,
jamaxim,,,mixomicete,,,rodoxantina,,,bruxomania,,
axiômetro,,,mixocondroma,,,enroxado,,,fluxométria,,
axilose,,,haxixomania,,,coxa-de-dona,,,buxo-anão,,
hidrotaxia,,,moroixo,,,coxartria,,,manguxo,,
bradipraxia,,,entroixo,,,coxagra,,,ruxoxó,,
garaximbola,,,mixopoese,,,pioxantose,,,auxocrômico,,
guaxi,,,ixofagia,,,oxalidáceas,,,aerifluxo,,
bimaxilar,,,mixotalófito,,,oxalme,,,quifuxo,,
caxim,,,mixomônada,,,sacrocoxalgia,,,inhambuxororó,,
morfalaxia,,,ixoscopia,,,zooxantina,,,inambuxororó,,
zooprofilaxia,,,políxeno,,,oreodoxa,,,inamuxororó,,
bocaxim,,,desqueixolar,,,uva-da-promissão-roxa,,,nambuxororó,,
anaraxia,,,ixomielite,,,filoxantina,,,nhambuxororó,,
laxiorismo,,,ixocifose,,,anfidoxa,,,cururuxoré,,
maximum,,,sarcomixoma,,,uroxantina,,,quimuxoco,,
filotaxia,,,mixofíceo,,,oxarita,,,auxométrico,,
bocaxi,,,cistomixoma,,,antoxanto,,,auxocardia,,
quaxinduba,,,mixogastro,,,moxamar,,,trouxe,,
axionímia,,,mixoblastoma,,,alfamoxa,,,trouxeram,,
guaxindiba,,,ixolite,,,oxalúrico,,,trouxesse,,
axiomancia,,,mixobacterial,,,coxanga,,,luxento,,
intermaxilar,,,mixoneuroma,,,quelidoxantina,,,puxeta,,
pracaxi,,,adenomixoma,,,congoxado,,,bruxedo,,
maximante,,,mixobacteriáceas,,,ramnoxantina,,,auxese,,
axinomancia,,,mixoglioma,,,pseudoxantina,,,buxeiro,,
hipergaláxia,,,mixoneurose,,,tintorroxa,,,epizeuxe,,
maxissaia,,,mixobacteriáceo,,,suboxalato,,,bruxear,,
inferaxilar,,,mixopapiloma,,,moxara,,,puxeira,,
axilante,,,compaixão,,,toxaspira,,,luxemburguês,,
iraxim,,,paixão,,,moxameiro,,,onicauxe,,
guaximba-preta,,,caixão,,,palmóxilo,,,frouxel,,
taxina,,,lixão,,,hipoxantita,,,frouxeza,,
heterotaxia,,,crucifixão,ks,,toxalbuminose,,,auxesia,,
eletrotaxia,,,peixão,sh,,mesoxalato,,,bruxelense,,
maxicasaco,,,baixão,sh,,congoxadamente,,,trouxelo,,
eutaxia,,,antepaixão,,,oxalovínico,,,trouxel,,
biotaxia,,,coixão,,,antoxanteína,,,luxeta,,
menotaxia,,,leixão,,,aloxanato,,,hiperauxese,,
cauaxi,,,transfixão,,,toxalbumose,,,defluxeira,,
paxiubinha,,,pau-caixão,,,oxamelitana,,,bradiauxese,,
neurapraxia,,,corixão,,,oxalídrico,,,afrouxelar,,
taxiarco,,,baixãozinho,,,oxametana,,,mastauxe,,
guaxica,,,propaixão,,,oxalídeas,,,isauxese,,
cronaximétrico,,,muxixão,,,oxalovinato,,,cuxeri,,
etmoidomaxilar,,,embaixador,,,tóxico,,,afrouxelado,,
taxiólogo,,,deixar,,,doxógrafo,,,enfrouxecer,,
caxinguba,,,fixar,,,dóxico,,,tricauxe,,
taxilógico,,,fixação,,,nóxia,,,mielauxe,,
faxinagem,,,caixa,,,nóxio,,,taquiauxese,,
caxirim,,,desleixado,,,lóxia,,,metrauxe,,
homoaxial,,,faixa,,,corocoxó,,,frouxelado,,
heredoataxia,,,queixa,,,cotoxó,,,heterauxese,,
acaximba,,,encaixar,,,pixoxó,,,parauxese,,
submaxilar,,,prolixa,,,epitoxóide,,,frouxeleiro,,
aximez,,,rixa,,,ruxoxó,,,mielauxesia,,
taxiônomo,,,deixa,,,monoxó,,,iridauxese,,
camaxirra,,,fixado,,,cóxia,,,metrauxesia,,
relaxidão,,,baixar,,,oxóleo,,,auxílio,,
agapaxia,,,ameixa,,,toxóforo,,,fluxímetro,,
maxicote,,,fixa,,,loxótico,,,auxílio-doença,,
axicarado,,,rebaixar,,,toxócara,,,fluxível,,
paracaxi,,,baixaria,,,tóxoto,,,auxílio-reclusão,,
taxizeiro,,,queixar,,,tóxote,,,desauxílio,,
maxilite,,,baixa,,,ortodoxógrafo,,,bauxítico,,
haxixina,,,abaixar,,,tóxota,,,trouxa,,
guaraxim,,,deixado,,,protoxóide,,,puxar,,
antropotaxia,,,capixaba,,,toxócera,,,afrouxar,,
biofilaxia,,,madeixa,,,paroxismo,,,puxa-saco,,
maxivestido,,,afixar,,,aproximar,,,puxado,,
cartaxinho,,,lixar,,,proximidade,,,bruxa,,
citotaxionomia,,,mixar,,,inoxidável,,,luxação,,
caxinguento,,,lixamento,,,oxigênio,,,puxa,,
quaxinguba,,,lagartixa,,,aproximadamente,,,repuxar,,
pterigomaxilar,,,mixaria,,,toxicômano,,,debuxar,,
monaxial,,,fixamente,,,oxidado,,,bruxaria,,
araxixá,,,embaixada,,,oximoro,,,puxação,,
relaxista,,,queixada,,,ortodoxia,,,luxar,,
topotaxia,,,prefixação,,,aproximação,,,puxador,,
maximalice,,,encaixado,,,coxilha,,,afrouxamento,,
cambaxilra,,,rebaixamento,,,oxidar,,,luxado,,
tropotaxia,,,prefixado,,,coxim,,,afrouxado,,
muirapaxiúba,,,baixada,,,oxidação,,,frouxar,,
taxiodermia,,,enfaixar,,,intoxicação,,,endefluxado,,
praxiteliano,,,lixação,,,heterodoxia,,,cartuxa,,
geotaxia,,,lixa,,,coxinha,,,empuxar,,
maxilária,,,enfeixar,,,antioxidante,,,repuxado,,
barotaxia,,,transfixar,,,intoxicar,,,tuxaua,,
sintaxiológico,,,gueixa,,,oxigenação,,,puxada,,
guaxis,,,embaixatriz,,,aproximado,,,puxadinho,,
maximite,,,morubixaba,,,hipóxia,,,subluxação,,
axifoidia,,,bixa,,,coxia,,,entrouxar,,
taximétrico,,,mixa,,,toxicidade,,,puxavante,,
axinomântico,,,prolixamente,,,desintoxicar,,,repuxamento,,
maximário,,,deixada,,,proximamente,,,frouxamente,,
higrotaxia,,,embaixadora,,,citotóxico,,,refluxar,,
axinita,,,afixação,,,paradoxismo,,,entrouxado,,
pau-caxique,,,rebaixa,,,toxina,,,puxamento,,
miotaxia,,,peixaria,,,oxitocina,,,muxarabiê,,
taxiarca,,,desleixar,,,toxicológico,,,embruxado,,
pintaxilgo,,,pixaim,,,carboxilase,,,luxamento,,
saxifragáceas,,,abaixamento,,,dióxido,,,embruxar,,
axionímico,,,desafixar,,,toxicomaníaco,,,debuxador,,
mnemotaxia,,,queixa-crime,,,toxicomania,,,suxar,,
heliotaxia,,,caixaria,,,anoxia,,,bruxar,,
supramaxilar,,,fixador,,,toxicose,,,puxa-puxa,,
taxiarquia,,,rebaixado,,,proximal,,,puxante,,
amacaxi,,,mixagem,,,enterotoxina,,,puxativo,,
abonaxi,,,fixante,,,oxidável,,,repuxada,,
caxirenga,,,desdeixado,,,desintoxicação,,,luxaria,,
saxicava,,,peixada,,,hidroxila,,,estrouxar,,
muiraximbé,,,cabeça-baixa,,,hidróxido,,,muxaxa,,
maxiloso,,,fateixa,,,desoxigenado,,,puxadeira,,
baxiúba,,,sufixação,,,moxinifada,,,trouxada,,
araxixu,,,reixa,,,oxigenado,,,repuxador,,
afaxinar,,,seixas,,,intoxicante,,,desembruxar,,
esqueptofilaxia,,,abaixa,,,toxidade,,,trouxado,,
coaxixá,,,leixar,,,oxigenar,,,sacabuxa,,
praxiterápico,,,desencaixar,,,oxidante,,,buxal,,
micaxistoso,,,reafixar,,,citotoxina,,,debuxante,,
caxinganguelê,,,pixa,,,piroxilina,,,aluxar,,
aguaxima,,,prefixar,,,reaproximar,,,amouxar,,
maximita,,,lixadeira,,,desaproximar,,,muxara,,
matraxi,,,queixal,,,neurotoxina,,,embruxador,,
fraxino,,,encaixamento,,,oxina,,,lagartuxa,,
citofilaxia,,,seixal,,,oxidase,,,puxavão,,
taxiforme,,,rixar,,,oxirredução,,,endefluxar-se,,
odaxismo,,,caixa-preta,,,oxiúro,,,repuxante,,
laxifloro,,,paixa,,,oxiurose,,,epuxa,,
caxinduba,,,remixagem,,,oxicoco,,,tuxava,,
citotaxia,,,seixa,,,hipóxico,,,esbuxar,,
telotaxia,,,sufixal,,,reoxigenar,,,muruxaba,,
guaximbé,,,enfaixamento,,,entoxicar,,,tira-puxa,,
caxitico,,,desleixadamente,,,toxicologia,,,murumuxaua,,
guaxixim,,,transfixação,,,oxiemoglobina,,,cartabuxa,,
saxissonante,,,reencaixar,,,reaproximação,,,puxadoura,,
haxixismo,,,leixa,,,proparoxitonia,,,empuxador,,
sobreaxilar,,,fixagem,,,boxista,,,empuxamento,,
taxirana,,,faixar,,,hidroxilado,,,chico-puxado,,
paxiubarana,,,prefixal,,,toxicina,,,puxadoira,,
caxianguelé,,,orixa,,,reoxidar,,,desentrouxar,,
caaxira,,,afixamento,,,aproximativo,,,curucuxa,,
caxinje,,,afixa,,,pé-coxinho,,,puxacar,,
mucuraxixica,,,eixa,,,reoxidação,,,grumuxama,,
amiotaxia,,,orixalá,,,nefrotoxina,,,muruxaua,,
taxipá,,,maxixar,,,fitotoxina,,,cartabuxar,,
fraxinela,,,rebaixador,,,oxiopia,,,amouxado,,
caxicaém,,,almeixar,,,roxinol,,,assuxar,,
caraxixu,,,quixa,,,toxicar,,,auxanoscópio,,
antianafilaxia,,,faixado,,,oxidativo,,,lamurúxia,,
tabaxir,,,abaixados,,,tiroxina,,,ubaia-muxama,,
embeaxió,,,enfeixamento,,,oxissal,,,truxamante,,
taxiodermista,,,baixamente,,,toxidez,,,truxalídeo,,
taxira,,,quixaba,,,filodoxia,,,bruxulear,,
guaxinguba,,,corixa,,,coxinilho,,,luxuoso,,
axinela,,,troixa,,,bióxido,,,esdruxular,,
caaxi,,,desenfaixar,,,paroxitonia,,,luxurioso,,
alelotaxia,,,madeixar,,,peroxidar,,,luxuriante,,
maxinjes,,,sufixar,,,oxiuríase,,,muxuango,,
haxixomania,,,debaixar,,,desoxicorticosterona,,,luxuosidade,,
caximbeque,,,eixar,,,paroxismal,,,frouxura,,
axiomórfico,,,desleixamento,,,toxinose,,,capuxu,,
antotaxia,,,crucifixar,,,oxi-hemoglobina,,,bruxuleio,,
caxirengue,,,esquixa,,,tireoxina,,,luxuriar,,
axinomante,,,fixativo,,,carboxila,,,luxuosamente,,
acroataxia,,,tubixaba,,,hipnotoxina,,,esdruxulidade,,
antipraxia,,,upanixade,,,desoxidação,,,esdruxulista,,
biaxilar,,,faixação,,,oxidrila,,,puxuri,,
angaxixica,,,deleixar,,,coxite,,,luxuriosamente,,
adelfotaxia,,,grumixama,,,desoxidar,,,esdruxulizar,,
metaxita,,,deseixar,,,carboxilação,,,bruxulhear,,
maxilífero,,,freixal,,,oximetria,,,muxuri,,
taxizal,,,releixar,,,toxicodendro,,,fruxu,,
homaxial,,,deixamento,,,ecotoxicologia,,,truxu,,
axilifloro,,,aleixar,,,toxicólogo,,,muxurumim,,
organotaxia,,,afroixar,,,oximel,,,puxurirana,,
maxilomuscular,,,rixador,,,endotoxina,,,muxurundar,,
axixaense,,,uapixana,,,citotoxicidade,,,buxuari,,
axilibarbudo,,,elixar,,,descarboxilação,,,cuxumari,,
esofilaxia,,,deixação,,,desoxigenação,,,luxuliana,,
tapaxina,,,ameixal,,,desoxidante,,,moxuluxulu,,
saxificar,,,abaixador,,,roxinho,,,puxão,,
gonotaxia,,,mixanga,,,antitoxina,,,fluxão,,
baxiará,,,prefixadamente,,,entoxicação,,,repuxão,,
zigomatomaxilar,,,enqueixar,,,toxifílico,,,empuxão,,
caxinxada,,,murixaba,,,dioxina,,,defluxão,,
paxiloso,,,remixar,,,exotoxina,,,efluxão,,
catafilaxia,,,enfeixador,,,intoxicamento,,,flux,,
capolacaxixe,,,ineixa,,,desoxigenar,,,lux,,
axinite,,,alixado,,,toxicogênico,,,hálux,,
apofilaxia,,,embaixatura,,,hipóxido,,,pólux,,
linfotaxia,,,caixana,,,coxilhão,,,uxório,,
caxicante,,,mixameba,,,oxirredutase,,,uxórico,,
epitalaxia,,,lixa-de-pau,,,oxidrilo,,,auxósporo,,
taxiarcado,,,busca-caixas,,,peroxidase,,,abuxó,,
paracanaxi,,,treixa,,,oxibiótico,,,fluxômetro,,
micofilaxina,,,cunharapixara,,,tirotoxismo,,,luxômetro,,
taxicórneos,,,alcaixa,,,toxicometria,,,auxômetro,,
taxicórneo,,,abaixante,,,proximismo,,,cuxá,,
enfraxia,,,tupixaba,,,zootoxina,,,buxáceo,,
ureterenfraxia,,,reixar,,,carboxilato,,,abacatúxia,,
trofotaxia,,,altibaixa,,,anafilotoxina,,,euxênia,,
tonotaxia,,,caixacobre,,,carboximetilcelulose,,,bradiauxético,,
saxifragáceo,,,contracaixa,,,poliidroxilado,,,mielauxésico,,
cilindraxial,,,porta-caixa,,,oxitócico,,,metrauxésico,,
axiniano,,,grumixameira,,,protoxilema,,,trúxalo,,
radioanafilaxia,,,entroixar,,,hiperóxido,,,,,
rizotaxia,,,abaixadela,,,piridoxina,,,,,
maxilopalatino,,,rebaixadeira,,,oxidabilidade,,,,,
cromatotaxia,,,almixar,,,carboxilar,,,,,
adenenfraxia,,,lixa-de-lei,,,tireotoxicose,,,,,
cambambaxilo,,,desleixação,,,floxina,,,,,
taxiladar,,,abaixadura,,,autointoxicação,,,,,
sintaxiólogo,,,coreixa,,,talcoxisto,,,,,
metaxina,,,grumixaba,,,picrotoxina,,,,,
uretrofraxia,,,amoixar,,,toxidermia,,,,,
taxicatina,,,contrafixa,,,hemotoxina,,,,,
plagiofototaxia,,,elixação,,,toxiquemia,,,,,
piraguaxiara,,,crixaense,,,toxicografia,,,,,
esternomaxilar,,,leixamento,,,podofilotoxina,,,,,
caaxió,,,aprefixar,,,calcoxisto,,,,,
saxifrágia,,,ieixa,,,toxia,,,,,
parauaxi,,,sufixativo,,,cloritoxisto,,,,,
fraxinina,,,quixadaense,,,hidroxiácido,,,,,
tarauaxi,,,desqueixar,,,entoxicante,,,,,
maxiliforme,,,enfixar,,,bufotoxina,,,,,
histotaxia,,,uapixanas,,,xantoxilina,,,,,
saxifragina,,,reixador,,,oxigeusia,,,,,
momboiaxió,,,sirixa,,,peroxidado,,,,,
maxilodental,,,tapeixa,,,gloxinia,,,,,
uretrenfraxia,,,seixada,,,cefaloxia,,,,,
pliotaxia,,,requeixado,,,toxicologista,,,,,
esplenenfraxia,,,froixar,,,moxibustão,,,,,
enterenfraxia,,,contrafaixa,,,atoxicar,,,,,
centrotaxia,,,ventrifixação,,,hematoxilina,,,,,
taxiodérmico,,,requeixaria,,,mielotoxina,,,,,
salpingenfraxia,,,subfixa,,,dioxia,,,,,
nefrenfraxia,,,fateixar,,,anoxibiose,,,,,
maxilojugal,,,crixaná,,,obnoxiação,,,,,
fraxineáceas,,,froixamente,,,hidroxilamina,,,,,
pneumenfraxia,,,desenfeixar,,,coxinense,,,,,
mucaxixi,,,queixagens,,,atoxil,,,,,
práxis,,,entroixado,,,toxidendro,,,,,
organotáxico,,,desencaixamento,,,etoxilo,,,,,
trofotáxico,,,afroixamento,,,oxicefalia,,,,,
praxe,,,gurumixama,,,piroxila,,,,,
sintaxe,,,vapixanas,,,aloxina,,,,,
odaxelagnia,,,cauixana,,,toxicemia,,,,,
macaxeira,,,abeixamim,,,oxitocia,,,,,
epistaxe,,,afroixado,,,superoxigenar,,,,,
paralaxe,,,pixacanto,,,nosotoxicose,,,,,
morfossintaxe,,,prefixativo,,,toxicêmico,,,,,
gaxeta,,,desqueixador,,,digitoxigenina,,,,,
axe,,,seixagal,,,toxicofídico,,,,,
taxe,,,tupixava,,,hidroxilo,,,,,
sinaxe,,,almofreixar,,,toxicofobia,,,,,
estaxe,,,enrixado,,,superoxidação,,,,,
malgaxe,,,pauixana,,,digoxigenina,,,,,
taxema,,,faixadura,,,superoxigenação,,,,,
guaxe,,,caixamarim,,,oxibutírico,,,,,
caxexa,,,ixanto,,,oxilalia,,,,,
graxeiro,,,desentroixar,,,quiroxilográfico,,,,,
raxeta,,,tupitixa,,,toxicóforo,,,,,
caxerenguengue,,,axixaense,,,miróxilo,,,,,
metagaláxia,,,vapixana,,,toxinemia,,,,,
axexê,,,desqueixado,,,namoxim,,,,,
graxear,,,desneixar,,,aldoxima,,,,,
caxexe,,,guarixamaca,,,oxiestesia,,,,,
odaxesmo,,,soqueixar,,,cacodoxia,,,,,
neuraxe,,,soqueixado,,,amidoxima,,,,,
balaxe,,,vaginofixação,,,azoxibenzeno,,,,,
macaxeiral,,,enreixar,,,eritroxiláceas,,,,,
graxento,,,tapixaba,,,toxicófago,,,,,
catataxe,,,murixaca,,,sapotoxina,,,,,
cabalacaxengo,,,troixada,,,coxicoco,,,,,
desaguaxe,,,sanguileixador,,,oximalva,,,,,
raxelo,,,desencaixadura,,,oxigenífero,,,,,
tamaxeque,,,contrafaixado,,,moroxita,,,,,
faxeque,,,gurumixameira,,,toxicômetro,,,,,
cibotaxe,,,sanguileixado,,,tirotóxico,,,,,
trofotaxe,,,ventrofixação,,,oxicedro,,,,,
saca-gaxetas,,,feixe,,,coxiela,,,,,
alelotaxe,,,peixe,,,metrotoxina,,,,,
hepatenfraxe,,,encaixe,,,fotoxilografia,,,,,
baxete,,,vixe,,,desoxigenante,,,,,
metrostaxe,,,maxixe,,,sitiotoxismo,,,,,
actinopraxe,,,baixela,,,sideróxido,,,,,
ditaxe,,,dervixe,,,quenotoxina,,,,,
caxemirense,,,caixeiro,,,vincetóxico,,,,,
sinalaxe,,,baixeza,,,sideróxilo,,,,,
mucuaxe,,,lixeira,,,mitilotoxina,,,,,
caxerenga,,,lixeiro,,,apotoxina,,,,,
gasterangienfraxe,,,caxixe,,,oxirrinco,,,,,
fraxetina,,,haxixe,,,gastroxia,,,,,
mieloplaxe,,,peixeira,,,oftalmoxise,,,,,
isoaxe,,,pixel,,,oxigenável,,,,,
macaxeral,,,rixento,,,oxidonte,,,,,
aerotaxe,,,fixe,,,oxicéfalo,,,,,
nefrenfraxe,,,baixeiro,,,noxiúra,,,,,
muçaxe,,,mixe,,,eudoxiano,,,,,
clinotaxe,,,caixeta,,,miroxilina,,,,,
galvanotaxe,,,peixe-boi,,,eritroxilácea,,,,,
cilindraxe,,,dixe,,,cenotoxina,,,,,
cististaxe,,,baixel,,,roxiscuro,,,,,
gastrostaxe,,,rebaixe,,,oxiosmia,,,,,
mucuaxeiro,,,peixeiro,,,toxicador,,,,,
máxime,,,peixe-espada,,,toxicodendrômico,,,,,
táxis,,,mixedema,,,oxiúride,,,,,
araxá,,,eixe,,,coxilgo,,,,,
axá,,,peixe-lixa,,,trioxipurina,,,,,
baxá,,,desencaixe,,,sulfoxilato,,,,,
caracaxá,,,peixe-boto,,,oxicrato,,,,,
sáxeo,,,ameixeira,,,oftalmoxistro,,,,,
máxi,,,maxixeiro,,,odontoloxia,,,,,
táxico,,,peixeirada,,,coximpim,,,,,
taxável,,,mixedematoso,,,urotoxidade,,,,,
saxátil,,,onixe,,,crisotoxina,,,,,
maracaxá,,,peixe-escolar,,,caabopoxi,,,,,
cracaxá,,,peixe-branco,,,vincetoxina,,,,,
náxia,,,peixe-elétrico,,,mentoxila,,,,,
náxio,,,peixe-anjo,,,superoxidar,,,,,
sinaxário,,,anaptixe,,,oxigenabilidade,,,,,
taxáceas,,,peixe-aranha,,,desoxicortona,,,,,
sáxina,,,teixe,,,oxirrânfide,,,,,
náxaro,,,seixeira,,,autotoxina,,,,,
taxativo,,,peixe-martelo,,,quinotoxina,,,,,
relaxar,,,baixeira,,,oxiafia,,,,,
taxa,,,peixe-agulha,,,acetaldoxima,,,,,
relaxado,,,caixeiral,,,toxicoterapia,,,,,
taxado,,,lixento,,,toracoxifópago,,,,,
taxar,,,troixe-moixe,,,anoxiemia,,,,,
coaxar,,,peixe-piolho,,,protoxidado,,,,,
graxa,,,não-me-deixes,,,nomoxim,,,,,
laxativo,,,peixe-pica,,,reoxigenizar,,,,,
tarraxa,,,faixeta,,,tifotoxina,,,,,
laxante,,,peixe-voador,,,hemotoxia,,,,,
galáxia,,,peixe-pedra,,,bromatotoxicismo,,,,,
engraxar,,,pixear,,,astenoxia,,,,,
relaxamento,,,enfaixe,,,lupinotoxina,,,,,
xaxado,,,pica-peixe,,,antropotoxina,,,,,
taxação,,,peixe-frito,,,termotoxina,,,,,
engraxate,,,peixe-rato,,,oxipétalo,,,,,
caxambu,,,peixe-serra,,,moxingueiro,,,,,
relaxante,,,peixe-prego,,,enterotoxismo,,,,,
sobretaxa,,,corrupixel,,,cromoxilografia,,,,,
atarraxar,,,reixelo,,,bromatotoxina,,,,,
desatarraxar,,,lava-peixe,,,aconitoxina,,,,,
raxa,,,caxixeiro,,,picrotóxico,,,,,
engraxado,,,peixe-espinho,,,oxigráfide,,,,,
relaxadamente,,,peixe-roda,,,isocitotoxina,,,,,
relaxação,,,faixeiro,,,trinitroxileno,,,,,
engraxamento,,,peixe-pau,,,oxistilo,,,,,
maxambomba,,,medeixes,,,oxicéfala,,,,,
sobretaxado,,,queixeiro,,,muxiloxilo,,,,,
malaxar,,,peixe-pombo,,,oxissácaro,,,,,
sobretaxar,,,peixe-porco,,,oxiídrico,,,,,
atarraxado,,,peixe-vermelho,,,oxifonia,,,,,
caxarelo,,,peixe-macaco,,,oxibrácteo,,,,,
axadrezado,,,peixe-cachorro,,,crotalotoxina,,,,,
laxar,,,baixete,,,oxistelma,,,,,
caxa,,,peixe-rei,,,esplenotoxina,,,,,
tarraxar,,,polixeno,,,xantoxileno,,,,,
caxarela,,,peixe-cobra,,,toxicógeno,,,,,
malaxador,,,desqueixelado,,,oxiope,,,,,
ostaxa,,,peixe-lua,,,oxirredútase,,,,,
xaxará,,,almafreixe,,,etoxicafeína,,,,,
radiotáxi,,,peixe-cabra,,,bacteriotoxina,,,,,
guaraxaim,,,apodixe,,,hemotoxicose,,,,,
caxambá,,,pixerar,,,toxicógrafo,,,,,
graxaim,,,neixente,,,ieboxi,,,,,
malaxação,,,peixe-sapo,,,espermotoxina,,,,,
abraxas,,,almofreixe,,,dietotoxicidade,,,,,
coaxado,,,peixezinho,,,coloxilina,,,,,
caraxa,,,peixelim,,,moxição,,,,,
tapaxanas,,,aixe,,,toxicoterápico,,,,,
desaguaxado,,,caixeirar,,,oxitártaro,,,,,
naxa,,,peixe-cão,,,oxilóbio,,,,,
muxaxa,,,hemostixe,,,oxidulado,,,,,
tapaxana,,,peixe-espada-preto,,,metroloxia,,,,,
baxado,,,peixe-curvo,,,histeroloxia,,,,,
coaxante,,,peixe-carago,,,epiparoxismo,,,,,
bagaxa,,,polixena,,,toxinêmico,,,,,
caxango,,,eurixenia,,,toxicófobo,,,,,
laxação,,,faixear,,,esfacelotoxina,,,,,
abraxa,,,caixela,,,butopironoxilo,,,,,
zeaxantina,,,peixe-de-caixa,,,trioxifenol,,,,,
engraxador,,,seixebra,,,tetanotoxina,,,,,
maxacali,,,cadixe,,,oxiclórico,,,,,
faxar,,,esfixe,,,oxianto,,,,,
malaxadeira,,,escleroticonixe,,,monoidroxifenol,,,,,
laxamente,,,peixense,,,anoxiêmico,,,,,
desengraxamento,,,caixeiragem,,,toxiterapia,,,,,
engraxataria,,,arixenino,,,toxicográfico,,,,,
maxambeta,,,melro-peixeiro,,,oxirrino,,,,,
regaxa,,,perixenite,,,fibroxistoso,,,,,
paraláxico,,,froixel,,,estafilotoxina,,,,,
psicomiorrelaxante,,,peixe-pimenta,,,toxinoterapia,,,,,
anaxagórico,,,antixenismo,,,urotoxia,,,,,
taraxaco,,,manixeiro,,,toxiterápico,,,,,
radiogaláxia,,,faixeação,,,toxinoterápico,,,,,
taxaspidiano,,,capolacaxixe,,,toxicoemia,,,,,
taxadamente,,,afroixelar,,,sinóxilo,,,,,
taraxacina,,,mixencondroma,,,sacrocoxite,,,,,
entarraxar,,,enfroixecer,,,picrotoxinina,,,,,
rapaxa,,,polixenídeo,,,oxibásico,,,,,
atarraxador,,,troixel,,,litóxilo,,,,,
almarraxa,,,froixeza,,,fibroxisto,,,,,
rudraxa,,,froixeleiro,,,aeremotoxia,,,,,
regraxar,,,troixelo,,,toxidérmico,,,,,
axadrezar,,,froixelado,,,toxicoêmico,,,,,
faxadura,,,mixórdia,,,toracoxifopágico,,,,,
coaxação,,,quixó,,,oxiclorato,,,,,
aguaraxaim,,,quixótico,,,oxibrometo,,,,,
engraxadela,,,mixófitos,,,fotoxilográfico,,,,,
caxarari,,,mixófito,,,eritroxiláceo,,,,,
desentarraxar,,,tixótropo,,,pseudotoxina,,,,,
caxarrela,,,mixósporo,,,oxirrodino,,,,,
anaxatre,,,guarixó,,,oximangânico,,,,,
paxalizar,,,ixófago,,,oxietérico,,,,,
anaxagorea,,,mixópode,,,anticitotoxina,,,,,
axanto,,,ixódidas,,,toxicofóbico,,,,,
desgraxar,,,tapixó,,,toxicofidia,,,,,
amolaxado,,,prolixidade,,,toxicodérmico,,,,,
caaxarama,,,elixir,,,oximanganato,,,,,
baxalato,,,xixi,,,oxiblepsia,,,,,
axantopsia,,,asfixia,,,tuberculotoxina,,,,,
bardaxa,,,asfixiado,,,toxicofagia,,,,,
guaguaxar,,,caixilho,,,oxistofilo,,,,,
gastroatáxico,,,baixinho,,,toxicofágico,,,,,
ataxadinamia,,,fixismo,,,toxicodermatítico,,,,,
quaraxaim,,,lixiviação,,,peptoxina,,,,,
maxacaté,,,fixidez,,,oxicárbico,,,,,
talagaxa,,,asfixiar,,,agrotóxico,,,,,
pinaxame,,,baixio,,,boxe,,,,,
melaxanto,,,caixinha,,,proxeneta,,,,,
mangalaxa,,,peixinho,,,coxear,,,,,
desgraxamento,,,lixiviar,,,arroxeado,,,,,
acarapinaxame,,,dêixis,,,proxenetismo,,,,,
gomacaxaca,,,fixista,,,oxente,,,,,
anticlímax,,,queixinho,,,hipoxemia,,,,,
cefalotórax,,,encaixilhar,,,anoxemia,,,,,
pneumotórax,,,asfixiante,,,toxemia,,,,,
hidrotórax,,,alixia,,,sesquióxido,,,,,
piopneumotórax,,,xixixi,,,cadoxe,,,,,
hemotórax,,,caxixi,,,coxeadura,,,,,
bórax,,,mixira,,,boxeador,,,,,
hápax,,,xixica,,,peróxido,,,,,
sax,,,baixista,,,neurotóxico,,,,,
disclímax,,,pixilinga,,,nefrotóxico,,,,,
piotórax,,,xixilado,,,coxete,,,,,
hemopneumotórax,,,contrabaixista,,,oxeu,,,,,
mesotórax,,,anfimixia,,,filoxera,,,,,
quilotórax,,,fixidade,,,arroxear,,,,,
piroclímax,,,coraixita,,,roxear,,,,,
bômbax,,,lixiviador,,,proxenia,,,,,
gálax,,,pixirica,,,boxear,,,,,
protórax,,,cauixi,,,piroxenito,,,,,
ábax,,,amixia,,,pentóxido,,,,,
metatórax,,,caixilharia,,,roxeta,,,,,
paraclímax,,,mixirra,,,coxeio,,,,,
hapax,,,apomixia,,,heteroxenia,,,,,
ódax,,,mixila,,,termitoxenia,,,,,
hidropiopneumotórax,,,infixidez,,,apodioxe,,,,,
esquizotórax,,,taixi,,,tetróxido,,,,,
cibístax,,,asfixiador,,,monoxenia,,,,,
mediotórax,,,bixina,,,coxelas,,,,,
pneumatotórax,,,apopnixia,,,deutóxido,,,,,
pneumopiotórax,,,mixia,,,cacoxenita,,,,,
alvitórax,,,vaixia,,,roxete,,,,,
acantopânax,,,freixieiro,,,proxenético,,,,,
fisotórax,,,pixixica,,,hepatotoxemia,,,,,
eritrotórax,,,lixivioso,,,odontoxesta,,,,,
taxonomia,,,asfixioso,,,enroxecido,,,,,
taxo,,,baixia,,,oxeol,,,,,
saxofone,,,roixinol,,,metrolóxico,,,,,
relaxo,,,quixinha,,,filoxerídeo,,,,,
graxo,,,ameixieira,,,ceróxilo,,,,,
axonal,,,automixia,,,filoxerar,,,,,
guaxo,,,haxixina,,,bacteriotoxemia,,,,,
taxonômico,,,cabixis,,,oxeóleo,,,,,
anglo-saxonismo,,,anixi,,,hematóxilo,,,,,
coaxo,,,quixiligangue,,,coxelo,,,,,
axonométrico,,,mirixi,,,aristoxeniano,,,,,
laxo,,,froixidão,,,odontoxesto,,,,,
taxomania,,,êixido,,,oxeolato,,,,,
saxofonista,,,mixilanga,,,lipoxenia,,,,,
klaxon,,,punguixi,,,faringoxerose,,,,,
amaxofobia,,,tapixingui,,,tricoxerose,,,,,
cartaxo,,,abatixi,,,roxecré,,,,,
baxo,,,caixinheira,,,melanóxilo,,,,,
axorca,,,almeixiar,,,filoxerado,,,,,
taxologia,,,catauixi,,,colpoxerose,,,,,
axonometria,,,acroasfixia,,,arterioxerose,,,,,
axonomorfo,,,freixial,,,actinotoxemia,,,,,
axolotle,,,ameixial,,,piroxenólito,,,,,
axonema,,,aipimixira,,,filoxericida,,,,,
tarraxo,,,regaixinhas,,,paroxístico,,,,,
axoide,,,capixim,,,proparoxítona,,,,,
taxológico,,,camixi,,,paroxítono,,,,,
paxoró,,,peixinheiro,,,oxítono,,,,,
axorar,,,cacosfixia,,,oxímero,,,,,
saxorne,,,guamixinga,,,proparoxítono,,,,,
saxotrompa,,,guaxixim,,,paroxísmico,,,,,
marraxo,,,manixi,,,oxíntico,,,,,
maxona,,,haxixismo,,,anoxítono,,,,,
cadaxo,,,muirapixi,,,oxímetro,,,,,
regraxo,,,mucuraxixica,,,peroxídase,,,,,
manaxo,,,cacofixia,,,carboxílico,,,,,
axorcar,,,contracaixilho,,,oxídrico,,,,,
saxofono,,,afixivo,,,monocarboxílico,,,,,
ataxofêmico,,,mixita,,,oxígono,,,,,
axone,,,prebixim,,,dicarboxílico,,,,,
engaxo,,,mamixi,,,carboxílase,,,,,
axodendrito,,,desencaixilhar,,,coxípede,,,,,
bogaxo,,,quixibua,,,oxígona,,,,,
axonoidatlóideo,,,froixidade,,,oxídio,,,,,
saxoso,,,angaxixica,,,oxílito,,,,,
pacaxodéu,,,toropixi,,,tanoxílico,,,,,
taxodiáceas,,,manixieiro,,,oxídase,,,,,
ataxofemia,,,pixiubinha,,,oxídulo,,,,,
axonóide,,,acaixilhar,,,aeroxídase,,,,,
taxodiácea,,,pixiricuçu,,,oxígala,,,,,
maxoxolo,,,pixidífero,,,paroxíntico,,,,,
malgaxo,,,meixilho,,,oxípilo,,,,,
ataxocinese,,,meixil,,,piroxíleo,,,,,
ataxodinâmico,,,ixiolena,,,oxíspora,,,,,
ataxodinamia,,,pixispixi,,,oxícera,,,,,
mieloplaxoma,,,catapsixia,,,hipoxídeas,,,,,
saxotrompista,,,mapixi,,,sacrocoxítico,,,,,
taxodiáceo,,,quixicongo,,,oxíptero,,,,,
caxumba,,,acrasfixia,,,toxífero,,,,,
submáximo,,,apneosfixia,,,oxímaco,,,,,
guaxuma,,,tetimixira,,,eritroxíleas,,,,,
caraxué,,,dibixi,,,oxíbafo,,,,,
eupráxico,,,taixizeiro,,,oxíbase,,,,,
encaxumbado,,,uaixima,,,hipoxíleas,,,,,
guaxupé,,,heteropixidáceas,,,oxístomo,,,,,
caxundé,,,mixidiotismo,,,obnóxio,,,,,
caxumbento,,,sanguileixia,,,abnóxio,,,,,
axuá,,,heteropixidáceo,,,roxbúrgia,,,,,
graxudo,,,mucaxixi,,,roxburgiáceas,,,,,
enguaxumado,,,queixume,,,box,,,,,
guaxupita,,,mixuruca,,,xerox,,,,,
axuaju,,,pixuleco,,,vox,,,,,
maxueira,,,queixudo,,,inox,,,,,
taxupá,,,teixugo,,,xérox,,,,,
maxubi,,,fixura,,,fox,,,,,
maxuruna,,,baixura,,,flox,,,,,
taxuri,,,pixuna,,,solovox,,,,,
cataxu,,,pixurum,,,redox,,,,,
uaxupé,,,pixuá,,,vólvox,,,,,
uiraxué,,,mixuango,,,anóxico,,,,,
guiraxué,,,mixuruquice,,,inóxio,,,,,
axé,,,pixunxu,,,antitóxico,,,,,
ariaxé,,,amorepixuna,,,anóxia,,,,,
ialaxé,,,ibixuna,,,antimonóxido,,,,,
aliaxé,,,pixundé,,,antimonióxido,,,,,
odaxético,,,muirapixuna,,,borocoxô,,,,,
curaxéu,,,membixuê,,,hidroxônio,,,,,
axônio,,,aipixuna,,,doxômano,,,,,
saxônico,,,araxixu,,,afoxé,,,,,
axônico,,,ipixunense,,,coxé,,,,,
saxônio,,,pixundu,,,filoxérico,,,,,
axômetro,,,caraxixu,,,atóxico,,,,,
mesaxônico,,,inambupixuna,,,ototóxico,,,,,
monaxônico,,,ibixuma,,,foxtrote,,,,,
monaxônido,,,nambupixuna,,,óxido,,,,,
saxão,,,inhambupixuna,,,Oxum,,,,,
anglo-saxã,,,acarapixuna,,,exotóxico,,,,,
madrafaxão,,,inamupixuna,,,epóxi,,,,,
pataxó,,,ônix,,,epóxido,,,,,
axóstilo,,,cóccix,,,toxêmico,,,,,
taxólogo,,,fênix,,,piroxênio,,,,,
taxódio,,,cálix,,,anoxêmico,,,,,
cutaxó,,,hélix,,,geoxênio,,,,,
amaxófobo,,,félix,,,menoxênico,,,,,
axófito,,,fórnix,,,piroxênico,,,,,
atloidaxóideo,,,cérvix,,,teoxênias,,,,,
axótomo,,,arqueoptérix,,,coxêndico,,,,,
axólise,,,aptérix,,,roxura,,,,,
camaraxó,,,lárix,,,paradoxuro,,,,,
momaxó,,,sálix,,,subóxido,,,,,
subaxóideo,,,érix,,,butóxido,,,,,
taxímetro,,,hístrix,,,oxura,,,,,
saxícola,,,crenotrix,,,ecoxupé,,,,,
saxífraga,,,triônix,,,cupróxido,,,,,
axípeto,,,jápix,,,moxubiá,,,,,
fraxíneo,,,acantofênix,,,moxuluxulu,,,,,
axífugo,,,acantônix,,,moxurunfada,,,,,
sintaxístico,,,bêmbix,,,alcóxido,,,,,
taxítico,,,dissótrix,,,alantotóxico,,,,,
axígrafo,,,hiálonix,,,aluminóxido,,,,,
saxífrago,,,tetraptérix,,,glicosóxima,,,,,
biaxífero,,,orixá,,,oxálico,,,,,
axículo,,,babalorixá,,,oxálida,,,,,
multiaxífero,,,jinriquixá,,,oxácido,,,,,
taxíneo,,,riquixá,,,coxálgico,,,,,
fraxíneas,,,ialorixá,,,oxálide,,,,,
triaxífero,,,cumixá,,,adoxáceo,,,,,
ataxígrafo,,,xixá,,,mesoxálico,,,,,
monoaxífero,,,vaixá,,,adoxáceas,,,,,
axífero,,,padixá,,,sacrocoxálgico,,,,,
saxífico,,,grumixá,,,acarotóxico,,,,,
cronaxímetro,,,fixável,,,aloxânico,,,,,
taxícola,,,abaixável,,,aloxânio,,,,,
monaxífero,,,curubixá,,,uroxânico,,,,,
áxilo,,,infixável,,,escatóxilo,,,,,
áxis,,,crubixá,,,ofióxilo,,,,,
áxil,,,bixáceas,,,,,,,,
áxone,,,tupixá,,,,,,,,
ataráxico,,,araxixá,,,,,,,,
atáxico,,,bacumixá,,,,,,,,
baxtera,,,bacubixá,,,,,,,,
saxtrompista,,,coaxixá,,,,,,,,
axênico,,,bixáceo,,,,,,,,
maxwell,,,bacupixá,,,,,,,,
maxwelliano,,,ararixá,,,,,,,,
antáxia,,,lixívia,,,,,,,,
antipráxico,,,píxide,,,,,,,,
antropotáxico,,,pixídio,,,,,,,,
axúngia,,,lixívio,,,,,,,,
isoáxico,,,coraixítico,,,,,,,,
,,,míxico,,,,,,,,
,,,bixíneas,,,,,,,,
,,,pixídula,,,,,,,,
,,,mixto,,,,,,,,
,,,pixé,,,,,,,,
,,,bixô,,,,,,,,
,,,peixôtoa,,,,,,,,
,,,ixômetro,,,,,,,,
,,,asfíxico,,,,,,,,
,,,ixê,,,,,,,,
,,,saixê,,,,,,,,
,,,vixnuísmo,,,,,,,,
,,,vixnuísta,,,,,,,,
,,,anaptíxico,,,,,,,,
,,,vixnutista,,,,,,,,
,,,vixnutismo,,,,,,,,
,,,vixnuíta,,,,,,,,
,,,epíxilo,,,,,,,,
,,,íxia,,,,,,,,